MSE,RMSE,R2,NDCG
1.0921357740519713,1.045053000594693,-0.47530605787709823,0.0
