data_type,count,MSE,RMSE,R2,NDCG
text,1729,1.1365952259792045,1.0661122014024624,-0.20995481949307404,0.978433551287275
image,857,0.5580963118518881,0.7470584393820126,-0.7576934336751495,0.9750398565256618
overall,2586,0.9448807753190691,0.972049780268001,-0.27638739149432645,0.9794720894032457
