MSE,RMSE,R2,NDCG
0.9448807753190691,0.972049780268001,-0.27638739149432645,0.9794720894032457
