dataset,accuracy,precision,recall,f1
train,0.9873081107216246,0.9873805994854044,0.9873081107216246,0.9859906440495639
validation,0.6041565973900435,0.6087062833334317,0.6041565973900435,0.5956391390412328
test,0.5726991492652745,0.5814110009512765,0.5726991492652745,0.5650046485911399
