dataset,accuracy,precision,recall,f1
train,0.5717393932068173,0.5300556582349975,0.5717393932068173,0.5490584449824384
validation,0.5437409376510391,0.5022976186371331,0.5437409376510391,0.5215618235300926
test,0.5324825986078886,0.4937879903216889,0.5324825986078886,0.5119085279568553
