{
  "best_global_step": null,
  "best_metric": null,
  "best_model_checkpoint": null,
  "epoch": 2.0,
  "eval_steps": 500,
  "global_step": 44,
  "is_hyper_param_search": false,
  "is_local_process_zero": true,
  "is_world_process_zero": true,
  "log_history": [
    {
      "epoch": 0.4624277456647399,
      "grad_norm": 281.9297790527344,
      "learning_rate": 9.590909090909091e-06,
      "loss": 54.8497,
      "step": 10
    },
    {
      "epoch": 0.9248554913294798,
      "grad_norm": 281.1696472167969,
      "learning_rate": 9.136363636363637e-06,
      "loss": 49.6733,
      "step": 20
    },
    {
      "epoch": 1.369942196531792,
      "grad_norm": 263.3653259277344,
      "learning_rate": 8.681818181818182e-06,
      "loss": 41.3859,
      "step": 30
    },
    {
      "epoch": 1.8323699421965318,
      "grad_norm": 220.88760375976562,
      "learning_rate": 8.227272727272728e-06,
      "loss": 35.2229,
      "step": 40
    }
  ],
  "logging_steps": 10,
  "max_steps": 220,
  "num_input_tokens_seen": 0,
  "num_train_epochs": 10,
  "save_steps": 500,
  "stateful_callbacks": {
    "TrainerControl": {
      "args": {
        "should_epoch_stop": false,
        "should_evaluate": false,
        "should_log": false,
        "should_save": true,
        "should_training_stop": false
      },
      "attributes": {}
    }
  },
  "total_flos": 1.0435500666888192e+16,
  "train_batch_size": 32,
  "trial_name": null,
  "trial_params": null
}
