dataset,accuracy,precision,recall,f1
train,0.9928683669769128,0.9929061848895206,0.9928683669769128,0.9928121791194235
validation,0.5930401159980667,0.6080556057543238,0.5930401159980667,0.5861024240138155
test,0.5699922660479505,0.5711826363084965,0.5699922660479505,0.5631874425451842
