model,data_type,mse,rmse,ndcg,data_count,file_path
bi_encoder,all,0.1040210042053476,0.32252287392578466,0.9561517246689206,2586,result/regression_all/bi_encoder.csv
cross_encoder,all,0.564937490208901,0.751623236873968,0.9400613550291604,2586,result/regression_all/cross_encoder.csv
xgboost,all,0.08946147796522787,0.29910111662317124,0.959667957631615,2586,result/regression_all/xgboost.csv
bi_encoder,image,0.2838629291129911,0.5327878837895914,0.9465212117194304,857,result/regression_image/bi_encoder.csv
cross_encoder,image,18.25947342895522,4.273110509799064,0.8936329028596988,857,result/regression_image/cross_encoder.csv
xgboost,image,0.2867398230267065,0.535480926856136,0.9394387040144825,857,result/regression_image/xgboost.csv
bi_encoder,text,0.12300645208240084,0.3507227567216032,0.9609725076733934,1729,result/regression_text/bi_encoder.csv
cross_encoder,text,1.323662834122577,1.1505054689668264,0.9544460742562828,1729,result/regression_text/cross_encoder.csv
xgboost,text,0.1142249018919475,0.33797174718006756,0.9649954509568496,1729,result/regression_text/xgboost.csv
