MSE,RMSE,R2,NDCG
0.2813364178949462,0.5304115552049617,-9.810079851455365,0.9657134546957317
