MSE,RMSE,R2,NDCG
0.18382029295707128,0.42874268851733355,-0.04940665671447797,0.0
