data_type,count,MSE,RMSE,R2,NDCG
text,1729,0.21709931640742294,0.4659391767252706,0.012279958492289134,0.0
image,857,0.07993450459698036,0.2827269081587042,-0.006997185757970037,0.0
overall,2586,0.17164291898996384,0.41429810401444495,0.020112421385177104,0.0
