data_type,count,MSE,RMSE,R2,NDCG
text,1729,0.3277652017136693,0.5725078180371594,-0.4912080977438742,0.0
image,857,0.14188841229824528,0.37668078302223656,-0.7874787940000205,0.0
overall,2586,0.2661656624526413,0.5159124561906228,-0.5195058906355405,0.0
