MSE,RMSE,R2,NDCG
0.17164291898996384,0.41429810401444495,0.020112421385177104,0.0
