data_type,count,MSE,RMSE,R2,NDCG
text,1729,0.2303708073484285,0.4799695900246478,-0.04810032183304758,0.0
image,857,0.08990449437754199,0.2998407817117978,-0.13259690895235798,0.0
overall,2586,0.18382029295707128,0.42874268851733355,-0.04940665671447797,0.0
