MSE,RMSE,R2,NDCG
0.2661656624526413,0.5159124561906228,-0.5195058906355405,0.0
