MSE,RMSE,R2,NDCG
0.17164299993338453,0.4142982017018473,0.02011195928949039,0.0
