MSE,RMSE,R2,NDCG
0.30015683189075143,0.5478657060728946,-0.7135571507224392,0.0
