data_type,count,MSE,RMSE,R2,NDCG
text,1729,0.33462122142789136,0.5784645377444423,-0.522400402670347,0.0
image,857,0.23062482546167926,0.4802341360853883,-1.9053604745128698,0.0
overall,2586,0.30015683189075143,0.5478657060728946,-0.7135571507224392,0.0
